{"saveTime":"2019-12-11 22:41:52","saveSlotNum":0,"init":true,"playerMaxHP":200.0,"playerHP":190.0,"tentacleAttack":true,"tentacleJump":false,"stageNum":1,"initPosition":{"x":56.85563278198242,"y":-16.758487701416017,"z":0.0}}